Epoch,MSE,R2
1,0.024117320402036638,-8.646928160814639
2,0.0786439279610064,0.12617857821103973
3,0.21225274220242316,0.15098903119030704
