Soil Moisture,Soil Organic Matter,Permeability,Temperature,Turbidity,Rainfall,NDVI,GWL,TWI,Curve Number,Epoch
0.09994406916658206,0.045120735726978355,0.032777206605255786,0.09697417749475605,0.05657518534567168,0.043159269742866886,0.17978313540902185,0.13319875112270257,0.19818818705240987,0.1142792823337549,1
0.08842593333545937,0.039469447784813524,0.09318116211859814,0.09450337521786926,0.13261019297758503,0.1371512060752511,0.09102859694411644,0.07659825988433144,0.13276500209110192,0.11426682357087369,2
0.08842593333545937,0.039469447784813524,0.09318116211859814,0.09450337521786926,0.13261019297758503,0.1371512060752511,0.09102859694411644,0.07659825988433144,0.13276500209110192,0.11426682357087369,3
