Epoch,MSE,R2
1,0.008639271204767122,0.7840182198808219
2,0.0022984455232322783,0.8978468656341209
3,0.0022984455232322783,0.8978468656341209
