Soil Moisture,Soil Organic Matter,Permeability,Temperature,Turbidity,Rainfall,NDVI,GWL,TWI,Curve Number,Epoch
0.09700321772537608,0.038748545998837036,0.021360574649889802,0.09436672191367093,0.022388555414159406,0.04080944623940466,0.20367144131005746,0.14700402584064262,0.21762355169922723,0.11702391920873467,1
0.07889214769982583,0.028355572510467515,0.08359168129772283,0.08554815687247581,0.09777895353959518,0.14257535039273803,0.10760930271449512,0.08852687374923038,0.15524324520914748,0.13187871601430176,2
0.09049223022004205,0.0322659755387429,0.01854885384811588,0.08908084806694105,0.00761635719907056,0.04723368862501835,0.2074636738106944,0.15103004573576254,0.22761274134340354,0.12865558561220877,3
