Soil Moisture,Soil Organic Matter,Permeability,Temperature,Turbidity,Rainfall,NDVI,GWL,TWI,Curve Number,Epoch
0.06249999999999976,0.13636363636363638,0.06818181818181819,0.051136363636363896,0.15909090909090912,0.06818181818181819,0.13636363636363638,0.051136363636363896,0.13636363636363638,0.13068181818181795,1
0.06574675324675336,0.1590909090909091,0.06818181818181818,0.04788961038961028,0.13636363636363635,0.06818181818181818,0.13636363636363635,0.02516233766233755,0.13636363636363635,0.15665584415584427,2
0.06249999999999996,0.1590909090909091,0.06818181818181818,0.05113636363636369,0.13636363636363635,0.06818181818181818,0.13636363636363635,0.02840909090909096,0.13636363636363635,0.15340909090909086,3
