Epoch,MSE,R2
1,0.044456000000000016,-0.9758222222222224
2,0.15695999999999935,-0.28130612244897524
3,0.07796000000000025,-2.464888888888899
