Epoch,MSE,R2
1,0.03750010329260701,-0.6666712574492022
2,0.2012178889084065,-0.25761180567754116
3,0.15305563626030785,-5.802472722680347
