Epoch,MSE,R2
1,0.15305563626030785,-5.802472722680347
2,0.027502881239239496,0.31242796901901226
3,0.027325574124481566,-0.21446996108807093
